[
    {
        "id":"10001",
        "name":"Ana Santos Araujo",
        "birthday":"06/06/1983",
        "document":"85351346893",
        "email":"ana.santos@email.com",
        "address":"Rua E, 1040 - Maracanaú/CE",
        "zip":"61919230",
        "phone":"8522847035"
    },
    {
        "id":"10002",
        "name":"Renan Costa Silva",
        "birthday":"04/04/1973",
        "document":"15716719279",
        "email":"renan.costa@email.com",
        "address":"Rua Bandônion, 1223 - Belo Horizonte/MG",
        "zip":"30230010",
        "phone":"3177195565" 
    },
    {
        "id":"10003",
        "name":"Júlio Cardoso Almeida",
        "birthday":"21/01/1969",
        "document":"92207458873",
        "email":"julio.cardoso@email.com",
        "address":"Rua Ribeirão Preto, 422 - Carapicuíba/SP",
        "zip":"06328110",
        "phone":"92207458873" 
    },
    {
        "id":"10004",
        "name":"Leonor Barbosa Cavalcanti",
        "birthday":"07/11/1993",
        "document":"83183651513",
        "email":"leonor.barbosa@email.com",
        "address":"Rua São Pedro, 432 - Formosa/GO",
        "zip":"73813190",
        "phone":"6190605148"
    },
    {
        "id":"10005",
        "name":"Larissa Santos Souza",
        "birthday":"22/05/1980",
        "document":"68578498704",
        "email":"larissa.santos@email.com",
        "address":"Rua Padre Olivério Kraemer, 1448 - Rio de Janeiro/RJ",
        "zip":"20541270",
        "phone":"2153369131" 
    },
    {
        "id":"10006",
        "name":"Aline Correia Carvalho",
        "birthday":"12/10/1999",
        "document":"56107263446",
        "email":"aline.correia@email.com",
        "address":"Rua Luís Domingues, 1482 - Timon/MA",
        "zip":"65630110",
        "phone":"9988564844" 
    }
]